i,x,f_x,left_c,right_c,trapezoid_c,simpson_c,left_c_f,right_c_f,trapezoid_c_f,simpson_c_f
0,1.0,9.0,1.0,0.0,0.5,0.3333333333333333,9.0,0.0,4.5,3.0
1,1.5,13.073214099741122,1.0,1.0,1.0,1.3333333333333333,13.073214099741122,13.073214099741122,13.073214099741122,17.43095213298816
2,2.0,17.899494936611667,1.0,1.0,1.0,0.6666666666666666,17.899494936611667,17.899494936611667,17.899494936611667,11.932996624407778
3,2.5,23.567971810589327,1.0,1.0,1.0,1.3333333333333333,23.567971810589327,23.567971810589327,23.567971810589327,31.423962414119103
4,3.0,30.12435565298214,1.0,1.0,1.0,0.6666666666666666,30.12435565298214,30.12435565298214,30.12435565298214,20.08290376865476
5,3.5,37.595800853708795,1.0,1.0,1.0,1.3333333333333333,37.595800853708795,37.595800853708795,37.595800853708795,50.127734471611724
6,4.0,46.0,0.0,1.0,0.5,0.3333333333333333,0.0,46.0,23.0,15.333333333333332
