{
  "variant": 17,
  "integrand": "7*sqrt(x) + 2*x^2",
  "a": 1.0,
  "b": 4.0,
  "n": 6,
  "h": 0.5,
  "exact_newton_leibniz": 74.66666666666667,
  "methods": [
    {
      "name": "Левые прямоугольники",
      "short_name": "Левые",
      "coefficients": [
        1.0,
        1.0,
        1.0,
        1.0,
        1.0,
        1.0,
        0.0
      ],
      "weighted_sum": 131.26083735363306,
      "value": 65.63041867681653,
      "absolute_error": 9.036247989850139,
      "relative_error_percent": 12.102117843549292
    },
    {
      "name": "Правые прямоугольники",
      "short_name": "Правые",
      "coefficients": [
        0.0,
        1.0,
        1.0,
        1.0,
        1.0,
        1.0,
        1.0
      ],
      "weighted_sum": 168.26083735363306,
      "value": 84.13041867681653,
      "absolute_error": 9.463752010149861,
      "relative_error_percent": 12.67466787073642
    },
    {
      "name": "Трапеции",
      "short_name": "Трапеции",
      "coefficients": [
        0.5,
        1.0,
        1.0,
        1.0,
        1.0,
        1.0,
        0.5
      ],
      "weighted_sum": 149.76083735363306,
      "value": 74.88041867681653,
      "absolute_error": 0.2137520101498609,
      "relative_error_percent": 0.28627501359356367
    },
    {
      "name": "Параболы Симпсона",
      "short_name": "Симпсон",
      "coefficients": [
        0.3333333333333333,
        1.3333333333333333,
        0.6666666666666666,
        1.3333333333333333,
        0.6666666666666666,
        1.3333333333333333,
        0.3333333333333333
      ],
      "weighted_sum": 149.33188274511485,
      "value": 74.66594137255743,
      "absolute_error": 0.0007252941092446008,
      "relative_error_percent": 0.000971376039166876
    }
  ]
}